City_ID,City,Country,Lat,Lng,Max Temp,Humidity,Cloudiness,Wind Speed,Current Description
0,Tuatapere,NZ,-46.1333,167.6833,59.83,96,28,1.57,scattered clouds
1,Grindavik,IS,63.8424,-22.4338,32.47,69,75,17.27,broken clouds
2,Vitim,RU,59.4511,112.5578,-9.09,98,100,4.7,overcast clouds
3,Jaisalmer,IN,26.9147,70.9181,67.73,20,0,3.11,clear sky
4,Kapaa,US,22.0752,-159.319,67.98,97,40,6.91,scattered clouds
5,Anito,PH,12.4497,125.2886,77.83,81,97,12.12,overcast clouds
6,Albany,US,42.6001,-73.9662,43.09,81,97,1.99,overcast clouds
7,Ust-Maya,RU,60.4167,134.5333,-25.98,100,97,2.15,overcast clouds
8,Ponta Do Sol,PT,32.6667,-17.1,71.71,79,100,6.08,overcast clouds
9,Mataura,NZ,-46.1927,168.8643,59.49,98,56,1.74,broken clouds
10,Cape Town,ZA,-33.9258,18.4232,75.61,52,20,10.36,few clouds
11,Manokwari,ID,-0.8667,134.0833,77.67,80,100,3.18,overcast clouds
12,Hermanus,ZA,-34.4187,19.2345,73.9,67,1,12.3,clear sky
13,Narsaq,GL,60.9167,-46.05,7.02,65,34,5.84,scattered clouds
14,Provideniya,RU,64.3833,-173.3,-19.43,91,43,3.53,scattered clouds
15,Peterhead,GB,57.5058,-1.7981,40.1,96,100,39.24,overcast clouds
16,Woodward,US,36.4337,-99.3904,45.97,65,0,3.44,clear sky
17,Ushuaia,AR,-54.8,-68.3,49.62,81,75,31.07,drizzle
18,Vaini,TO,-21.2,-175.2,80.28,82,80,23.42,light rain
19,Punta Arenas,CL,-53.15,-70.9167,50.02,66,75,35.68,broken clouds
20,Puerto Ayora,EC,-0.7393,-90.3518,80.56,84,92,5.01,overcast clouds
21,Phan Thiet,VN,10.9333,108.1,75.49,81,63,9.84,broken clouds
22,Klaksvik,FO,62.2266,-6.589,31.12,53,99,18.92,overcast clouds
23,Mount Isa,AU,-20.7333,139.5,78.57,65,73,0.0,broken clouds
24,Jamestown,US,42.097,-79.2353,36.01,58,100,13.8,overcast clouds
25,Atuona,PF,-9.8,-139.0333,77.05,81,16,15.88,light rain
26,Faanui,PF,-16.4833,-151.75,80.71,75,96,11.43,light rain
27,Erice,IT,38.037,12.5865,53.96,36,0,5.75,clear sky
28,Fort Nelson,CA,58.8053,-122.7002,36.23,55,100,13.62,overcast clouds
29,Bambous Virieux,MU,-20.3428,57.7575,80.22,83,40,5.75,light rain
30,San Quintin,MX,30.4833,-115.95,65.03,30,0,4.99,clear sky
31,Manzanillo,CU,20.3433,-77.1167,83.77,53,0,3.27,clear sky
32,Busselton,AU,-33.65,115.3333,72.09,77,5,9.44,clear sky
33,Mar Del Plata,AR,-38.0023,-57.5575,80.62,62,0,17.0,clear sky
34,San Policarpo,PH,12.1791,125.5072,79.48,78,100,15.77,overcast clouds
35,Srednekolymsk,RU,67.45,153.6833,-39.1,99,81,5.95,broken clouds
36,Castro,BR,-24.7911,-50.0119,76.87,54,14,3.89,few clouds
37,Barrow,US,71.2906,-156.7887,-21.98,69,0,3.44,clear sky
38,Beirut,LB,33.8889,35.4944,52.54,71,75,17.27,broken clouds
39,Cervo,ES,43.6702,-7.4101,62.19,92,100,10.04,light rain
40,Avarua,CK,-21.2078,-159.775,71.65,100,100,1.14,overcast clouds
41,Chuy,UY,-33.6971,-53.4616,79.56,46,13,11.95,few clouds
42,Sinnamary,GF,5.3833,-52.95,81.45,72,29,8.88,scattered clouds
43,Vardo,NO,70.3705,31.1107,28.6,80,75,10.36,broken clouds
44,Sisimiut,GL,66.9395,-53.6735,-1.64,82,100,6.15,overcast clouds
45,Martapura,ID,-3.4167,114.85,77.09,94,100,2.3,overcast clouds
46,Basoko,CD,1.2391,23.616,89.17,37,99,2.17,overcast clouds
47,Te Anau,NZ,-45.4167,167.7167,56.23,94,63,1.88,broken clouds
48,Luorong,CN,24.4058,109.6086,46.98,91,100,3.87,overcast clouds
49,Muyezerskiy,RU,63.9333,31.65,23.43,93,98,11.23,overcast clouds
50,Thohoyandou,ZA,-22.9456,30.485,84.36,34,0,4.85,clear sky
51,Yellowknife,CA,62.456,-114.3525,-9.58,78,75,18.41,light snow
52,Svetlogorsk,BY,52.6333,29.7333,31.39,92,63,6.55,broken clouds
53,Bengkulu,ID,-3.8004,102.2655,77.13,75,100,4.41,overcast clouds
54,Tigil,RU,57.8,158.6667,-13.41,100,84,2.46,broken clouds
55,Bethel,US,41.3712,-73.414,48.31,70,0,9.22,clear sky
56,Gobabis,NA,-22.45,18.9667,78.31,45,92,14.9,overcast clouds
57,Port Lincoln,AU,-34.7333,135.8667,62.04,74,12,13.98,few clouds
58,Hambantota,LK,6.1241,81.1185,78.8,77,80,0.27,moderate rain
59,Ilulissat,GL,69.2167,-51.1,-18.85,93,49,6.26,scattered clouds
60,Pacific Grove,US,36.6177,-121.9166,59.54,49,0,0.0,clear sky
61,Gat,IL,31.61,34.7642,55.08,100,66,8.81,broken clouds
62,Ribeira Grande,PT,38.5167,-28.7,63.0,59,20,4.61,few clouds
63,Tuktoyaktuk,CA,69.4541,-133.0374,-14.8,70,100,2.3,light snow
64,Hobart,AU,-42.8794,147.3294,59.05,65,100,8.05,overcast clouds
65,Bluff,NZ,-46.6,168.3333,59.81,89,95,14.05,overcast clouds
66,Mareeba,AU,-17.0,145.4333,72.45,93,39,1.95,scattered clouds
67,Balabac,PH,7.9868,117.0645,80.33,81,61,13.42,broken clouds
68,Rikitea,PF,-23.1203,-134.9692,78.67,71,20,17.25,few clouds
69,Shache,CN,38.4167,77.2406,36.97,35,21,7.14,few clouds
70,Yashkul,RU,46.1711,45.3435,37.6,65,99,11.77,overcast clouds
71,Salalah,OM,17.0151,54.0924,77.09,53,0,5.75,clear sky
72,Sinjar,IQ,36.3209,41.8754,49.75,60,9,2.77,clear sky
73,Guerrero Negro,MX,27.9769,-114.0611,62.89,55,0,1.79,clear sky
74,Namibe,AO,-15.1961,12.1522,81.23,69,75,11.5,broken clouds
75,Buala,SB,-8.145,159.5921,79.41,84,100,8.68,light rain
76,Banda Aceh,ID,5.5577,95.3222,79.12,79,100,3.74,overcast clouds
77,San Jose De Guanipa,VE,8.8872,-64.1651,88.47,40,41,10.45,scattered clouds
78,Daru,PG,-9.0763,143.2092,79.95,80,86,11.56,overcast clouds
79,Fortuna,US,40.5982,-124.1573,61.14,76,0,9.22,clear sky
80,Polunochnoye,RU,60.8697,60.4153,14.88,94,100,10.51,overcast clouds
81,Katsuura,JP,35.1333,140.3,37.42,96,100,24.65,overcast clouds
82,Lompoc,US,34.6391,-120.4579,72.79,53,0,9.22,clear sky
83,Port Alfred,ZA,-33.5906,26.891,73.49,76,7,14.81,clear sky
84,Komsomolskiy,UZ,40.4272,71.7189,39.92,56,37,2.3,scattered clouds
85,Jieshi,CN,22.8134,115.8257,62.94,82,83,19.91,broken clouds
86,Boissevain,CA,49.2306,-100.0559,35.64,97,100,22.08,overcast clouds
87,Nikolskoye,RU,59.7035,30.7861,36.88,91,94,10.2,overcast clouds
88,Cidreira,BR,-30.1811,-50.2056,76.44,70,0,15.12,clear sky
89,Fangshan,CN,39.6983,115.9925,26.46,40,99,3.44,overcast clouds
90,Tsiroanomandidy,MG,-18.7667,46.0333,72.16,86,34,0.87,moderate rain
91,Saint-Georges,GD,12.0564,-61.7485,80.28,74,75,17.27,broken clouds
92,Constitucion,CL,-35.3333,-72.4167,68.0,62,70,6.91,broken clouds
93,Moorhead,US,46.8739,-96.7676,19.36,84,75,23.02,snow
94,Jizan,SA,17.3333,42.6667,81.54,67,3,6.55,clear sky
95,Hanzhong,CN,33.0728,107.0303,44.44,58,100,1.66,light rain
96,Acapulco,MX,16.8634,-99.8901,76.82,73,20,4.61,few clouds
97,Qaanaaq,GL,77.484,-69.3632,-20.92,56,8,7.87,clear sky
98,Zhigansk,RU,66.7697,123.3711,-29.54,97,91,10.51,overcast clouds
99,Susaki,JP,33.3667,133.2833,42.31,82,48,5.99,scattered clouds
100,Dikson,RU,73.5069,80.5464,4.82,94,87,28.9,overcast clouds
101,Ninghai,CN,29.2892,121.4247,43.74,89,92,2.77,light rain
102,Virden,US,39.5009,-89.7679,34.39,77,6,10.78,clear sky
103,Kruisfontein,ZA,-34.0033,24.7314,67.33,74,64,14.03,broken clouds
104,Makakilo City,US,21.3469,-158.0858,71.92,76,75,6.91,broken clouds
105,Ridgecrest,US,35.6225,-117.6709,58.64,33,0,4.61,clear sky
106,Camopi,GF,3.1655,-52.3158,81.77,76,100,3.62,overcast clouds
107,North Bend,US,43.4065,-124.2243,48.85,100,100,0.0,mist
108,Hualmay,PE,-11.0964,-77.6139,73.62,72,100,7.52,overcast clouds
109,Urucurituba,BR,-2.6833,-57.6667,82.31,81,100,2.84,light rain
110,Port Elizabeth,ZA,-33.918,25.5701,71.89,78,40,16.11,scattered clouds
111,Tasiilaq,GL,65.6145,-37.6368,21.36,61,32,7.92,scattered clouds
112,Labuhan,ID,-6.8844,112.2051,75.76,93,100,6.76,light rain
113,Shingu,JP,33.7333,135.9833,44.91,86,5,8.08,clear sky
114,Corlu,TR,41.1592,27.8,42.78,65,20,5.75,few clouds
115,Margate,GB,51.3813,1.3862,46.96,64,100,4.0,overcast clouds
116,New Norfolk,AU,-42.7826,147.0587,58.71,55,75,3.0,broken clouds
117,Cape Coast,GH,5.1053,-1.2466,83.05,74,2,12.82,clear sky
118,Raga,SS,8.4596,25.678,86.92,16,99,4.72,overcast clouds
119,Saskylakh,RU,71.9167,114.0833,3.92,94,100,14.0,light snow
120,Bredasdorp,ZA,-34.5322,20.0403,72.72,53,0,18.41,clear sky
121,Cherskiy,RU,68.75,161.3,-38.81,100,100,6.06,overcast clouds
122,Nhulunbuy,AU,-12.2333,136.7667,81.21,89,40,1.14,scattered clouds
123,Hilo,US,19.7297,-155.09,64.26,72,0,6.91,clear sky
124,Emerald,AU,-23.5333,148.1667,75.34,78,4,8.05,clear sky
125,Kribi,CM,2.95,9.9167,83.66,71,69,12.3,broken clouds
126,Ixtapa,MX,20.7,-105.2,60.03,77,0,6.91,clear sky
127,Miri,MY,4.4148,114.0089,75.34,100,40,9.22,scattered clouds
128,Paamiut,GL,61.994,-49.6678,16.56,73,100,8.19,overcast clouds
129,Praia,CV,14.9215,-23.5087,82.94,42,0,19.57,clear sky
130,San Cristobal,VE,7.7669,-72.225,71.78,41,55,4.56,broken clouds
131,East London,ZA,-33.0153,27.9116,76.14,78,20,8.05,few clouds
132,Ilhabela,BR,-23.7781,-45.3581,78.94,68,71,5.64,broken clouds
133,Pevek,RU,69.7008,170.3133,-31.7,99,100,6.4,overcast clouds
134,Camacha,PT,33.0833,-16.3333,63.82,88,20,9.22,few clouds
135,Ancud,CL,-41.8697,-73.8203,58.53,44,4,8.41,clear sky
136,Yakeshi,CN,49.2833,120.7333,6.64,96,100,6.42,light snow
137,Saint-Francois,FR,46.4154,3.9054,55.67,65,0,2.3,clear sky
138,Marawi,PH,7.9986,124.2928,67.64,97,100,1.5,overcast clouds
139,Cairns,AU,-16.9167,145.7667,77.07,92,40,0.0,scattered clouds
140,Zaozerne,UA,45.1582,33.2787,43.95,81,100,9.86,overcast clouds
141,Kavaratti,IN,10.5669,72.642,79.97,71,64,11.48,broken clouds
142,Sao Joao Da Barra,BR,-21.6403,-41.0511,78.89,92,100,7.36,overcast clouds
143,Zhangjiakou,CN,40.81,114.8794,24.12,59,10,5.66,light snow
144,Nortelandia,BR,-14.4547,-56.8028,84.36,69,52,3.56,broken clouds
145,Parati,BR,-23.2178,-44.7131,86.9,72,92,4.74,overcast clouds
146,Lockhart,US,28.6194,-81.4426,63.99,55,0,5.75,clear sky
147,Inhambane,MZ,-23.865,35.3833,85.98,66,20,9.22,few clouds
148,Shannon,IE,52.7039,-8.8642,46.4,61,20,6.91,few clouds
149,Aksarka,RU,66.5606,67.7975,13.26,92,100,18.88,overcast clouds
150,Kavieng,PG,-2.5744,150.7967,80.91,80,100,7.27,light rain
151,Ulaangom,MN,49.9811,92.0667,-23.15,89,79,4.32,broken clouds
152,Senno,RU,59.5336,33.9167,30.15,86,99,11.59,overcast clouds
153,Ocos,GT,14.5094,-92.1933,86.72,59,0,3.87,clear sky
154,Yulara,AU,-25.2406,130.9889,80.44,34,0,8.05,clear sky
155,Palmer,US,42.1584,-72.3287,47.19,81,81,4.0,broken clouds
156,Oussouye,SN,12.485,-16.5469,100.58,15,8,4.59,clear sky
157,Avera,US,33.194,-82.5271,59.7,50,2,6.46,clear sky
158,Sicamous,CA,50.8331,-118.9856,37.11,100,100,1.5,overcast clouds
159,Chokurdakh,RU,70.6333,147.9167,-24.34,95,91,8.93,overcast clouds
160,Zheshart,RU,62.0731,49.5733,24.62,93,100,9.93,overcast clouds
161,Naryan-Mar,RU,67.6713,53.087,23.09,90,100,22.37,overcast clouds
162,Port-Gentil,GA,-0.7193,8.7815,84.16,84,75,10.36,broken clouds
163,Owando,CG,-0.4819,15.8999,98.33,21,96,1.81,overcast clouds
164,Marsa Matruh,EG,31.3525,27.2453,57.4,54,40,13.8,scattered clouds
165,Yar-Sale,RU,66.8333,70.8333,8.6,90,69,19.93,broken clouds
166,Saint-Augustin,CA,51.226,-58.6502,22.53,88,100,5.61,overcast clouds
167,Iqaluit,CA,63.7506,-68.5145,-15.07,76,100,2.3,light snow
168,Nome,US,64.5011,-165.4064,-16.53,69,40,3.44,scattered clouds
169,Shetpe,KZ,44.1667,52.1167,36.32,94,100,16.37,overcast clouds
170,Pisco,PE,-13.7,-76.2167,76.01,78,0,8.05,clear sky
171,Ostrovnoy,RU,68.0531,39.5131,26.49,85,100,20.51,overcast clouds
172,Longyearbyen,SJ,78.2186,15.6401,22.84,74,75,11.5,broken clouds
173,Harper,LR,4.375,-7.7169,83.86,72,42,10.8,scattered clouds
174,Saint Anthony,US,45.0205,-93.218,17.15,79,40,8.05,scattered clouds
175,Tabou,CI,4.423,-7.3528,83.79,71,57,10.96,broken clouds
176,Mehamn,NO,71.0357,27.8492,22.91,90,81,6.98,broken clouds
177,Camana,PE,-16.6228,-72.7111,74.48,64,61,8.66,broken clouds
178,Monrovia,LR,6.3005,-10.7969,91.17,66,4,13.4,clear sky
179,Vanimo,PG,-2.6741,141.3028,79.77,83,100,1.72,overcast clouds
180,Lebu,CL,-37.6167,-73.65,61.38,58,25,24.99,scattered clouds
181,Port Hedland,AU,-20.3167,118.5667,84.25,84,18,5.75,few clouds
182,Necochea,AR,-38.5473,-58.7368,84.04,39,24,16.33,few clouds
183,Bilma,NE,18.6853,12.9164,77.4,10,0,2.57,clear sky
184,Esperance,AU,-33.8667,121.9,73.24,56,73,23.64,broken clouds
185,Georgetown,MY,5.4112,100.3354,80.89,84,20,3.44,few clouds
186,Kirksville,US,40.1948,-92.5833,29.12,79,40,5.75,scattered clouds
187,Airai,TL,-8.9266,125.4092,61.07,97,100,1.05,overcast clouds
188,Campo Grande,BR,-20.4428,-54.6464,87.35,42,75,10.36,broken clouds
189,Kahului,US,20.8947,-156.47,70.84,78,0,6.91,clear sky
190,Husavik,IS,66.0449,-17.3389,28.31,81,79,12.66,broken clouds
191,Xuddur,SO,4.1213,43.8894,83.89,25,32,10.69,scattered clouds
192,Hithadhoo,MV,-0.6,73.0833,82.2,68,100,7.29,overcast clouds
193,Tilichiki,RU,60.4667,166.1,-15.14,78,12,7.23,few clouds
194,Vila,PT,42.0304,-8.1588,54.73,65,100,4.18,overcast clouds
195,Cape Canaveral,US,28.4058,-80.6048,66.06,67,0,10.36,clear sky
196,Banikoara,BJ,11.2985,2.4386,96.3,7,4,8.25,clear sky
197,Geraldton,AU,-28.7667,114.6,72.01,83,0,5.75,clear sky
198,Sao Filipe,CV,14.8961,-24.4956,79.97,49,100,8.95,overcast clouds
199,Katobu,ID,-4.9408,122.5276,75.18,93,100,3.02,overcast clouds
200,Namie,JP,37.4833,141.0,35.71,92,100,14.97,light snow
201,Indramayu,ID,-6.3264,108.32,80.69,80,100,13.47,moderate rain
202,Aswan,EG,24.0934,32.907,65.5,24,0,10.36,clear sky
203,Ituango,CO,7.1712,-75.764,75.45,62,49,3.11,scattered clouds
204,Tiksi,RU,71.6872,128.8694,-11.42,92,100,16.06,overcast clouds
205,Kommunar,RU,59.6206,30.39,36.52,90,99,11.41,light snow
206,Lewistown,US,40.5992,-77.5714,49.42,84,75,11.5,broken clouds
207,Kirensk,RU,57.7853,108.1119,-21.17,100,93,2.35,overcast clouds
208,Yeppoon,AU,-23.1333,150.7333,73.18,66,0,12.39,clear sky
209,Thompson,CA,55.7435,-97.8558,-7.44,77,100,11.5,overcast clouds
210,Rocha,UY,-34.4833,-54.3333,82.15,38,0,10.27,clear sky
211,Lidkoping,SE,58.5052,13.1577,40.89,3,40,13.82,scattered clouds
212,Listvyanka,RU,51.8535,104.8693,-14.53,92,100,5.41,overcast clouds
213,Upernavik,GL,72.7868,-56.1549,-7.6,91,100,5.44,overcast clouds
214,Arraial Do Cabo,BR,-22.9661,-42.0278,75.16,78,75,3.44,broken clouds
215,Norman Wells,CA,65.282,-126.8329,-5.76,65,100,3.44,overcast clouds
216,Northam,GB,51.0333,-4.2167,48.02,72,46,19.6,scattered clouds
217,Kaitangata,NZ,-46.2817,169.8464,57.33,96,94,3.65,overcast clouds
218,Codrington,AU,-38.2667,141.9667,56.95,77,4,8.16,clear sky
219,Clyde River,CA,70.4692,-68.5914,-18.17,76,100,10.36,light snow
220,Khatanga,RU,71.9667,102.5,1.2,92,100,15.32,overcast clouds
221,Vestmannaeyjar,IS,63.4427,-20.2734,32.99,93,75,17.27,broken clouds
222,Wanning,CN,18.8003,110.3967,69.6,94,18,5.64,few clouds
223,Touros,BR,-5.1989,-35.4608,90.5,51,56,12.53,broken clouds
224,Hofn,IS,64.2539,-15.2082,24.82,63,20,10.36,few clouds
225,Coihaique,CL,-45.5752,-72.0662,57.81,38,40,8.05,scattered clouds
226,Mahebourg,MU,-20.4081,57.7,80.26,83,40,5.75,scattered clouds
227,Kutum,SD,14.2,24.6667,72.32,9,0,10.49,clear sky
228,Roros,NO,62.5747,11.3842,22.84,63,40,6.91,scattered clouds
229,Torbay,CA,47.6666,-52.7314,40.87,76,75,9.22,broken clouds
230,Monki,PL,53.405,22.7979,42.67,92,100,6.96,overcast clouds
231,Kismayo,SO,-0.3582,42.5454,77.77,81,15,18.86,few clouds
232,Tocopilla,CL,-22.092,-70.1979,71.33,63,1,6.06,clear sky
233,Pushkino,RU,56.0172,37.8667,34.09,92,80,7.58,broken clouds
234,Havoysund,NO,70.9963,24.6622,23.88,71,100,9.51,overcast clouds
235,Thinadhoo,MV,0.5333,72.9333,81.82,70,69,7.56,broken clouds
236,Culpeper,US,38.5004,-77.9664,56.44,46,0,9.22,clear sky
237,Taoudenni,ML,22.6783,-3.9836,77.81,13,23,18.07,few clouds
238,Kolokani,ML,13.5728,-8.0339,94.03,7,0,13.24,clear sky
239,Jiaohe,CN,43.7286,127.3447,4.91,99,85,0.98,overcast clouds
240,Fort Oglethorpe,US,34.949,-85.2569,56.86,46,0,1.01,clear sky
241,Grivenskaya,RU,45.6473,38.176,39.74,75,55,11.21,broken clouds
242,Tateyama,JP,34.9833,139.8667,37.42,81,75,17.27,mist
243,Lagoa,PT,39.05,-27.9833,58.26,72,39,9.28,scattered clouds
244,San Vicente,AR,-26.6167,-54.1333,85.89,39,37,6.24,scattered clouds
245,Hamilton,US,39.1834,-84.5333,41.76,68,0,11.5,clear sky
246,Colares,PT,38.7992,-9.4469,64.45,69,0,15.01,clear sky
247,Takapau,NZ,-40.0333,176.35,70.45,87,100,2.62,light rain
248,Sheltozero,RU,61.3667,35.3667,27.43,92,49,12.62,scattered clouds
249,Kharovsk,RU,59.9642,40.1912,26.85,96,100,7.38,light snow
250,Zhezkazgan,KZ,47.8043,67.7144,15.78,92,100,11.18,overcast clouds
251,Matagami,CA,49.7502,-77.6328,10.51,85,100,13.8,light snow
252,Port Keats,AU,-14.25,129.55,80.44,85,94,4.59,overcast clouds
253,Jiuquan,CN,39.7432,98.5174,25.5,38,89,2.35,overcast clouds
254,Haines Junction,CA,60.7522,-137.5108,0.75,99,30,4.25,scattered clouds
255,Asyut,EG,27.181,31.1837,60.98,39,4,12.59,clear sky
256,Hargeysa,SO,9.56,44.065,62.71,63,55,11.79,broken clouds
257,Veraval,IN,20.9,70.3667,73.2,54,1,4.23,clear sky
258,Tromso,NO,69.6496,18.957,26.62,68,75,19.57,light snow
259,Pokhara,NP,28.2333,83.9833,53.64,60,85,2.35,overcast clouds
260,Sitka,US,57.0531,-135.33,37.29,75,100,9.22,mist
261,Sampit,ID,-2.5333,112.95,73.6,95,99,1.95,overcast clouds
262,Kamalasai,TH,16.3384,103.5756,86.97,99,31,0.78,scattered clouds
263,Kytmanovo,RU,53.4593,85.4479,-16.55,98,12,2.35,few clouds
264,Uaua,BR,-9.8414,-39.4817,91.38,35,73,9.04,broken clouds
265,Port Hardy,CA,50.6996,-127.4199,45.75,100,75,3.44,broken clouds
266,Strezhevoy,RU,60.7333,77.5889,-4.02,98,75,5.01,broken clouds
267,Walvis Bay,NA,-22.9575,14.5053,79.75,61,17,10.36,few clouds
268,Port Macquarie,AU,-31.4333,152.9167,66.16,74,29,4.12,scattered clouds
269,Ponta Delgada,PT,37.7333,-25.6667,63.32,67,75,14.97,broken clouds
270,Winnemucca,US,40.973,-117.7357,24.85,86,0,3.44,clear sky
271,Chirongui,YT,-12.9319,45.1483,76.93,84,100,16.42,light rain
272,College,US,64.8569,-147.8028,-7.71,75,75,4.61,broken clouds
273,Tuensang,IN,26.2833,94.8333,52.59,97,99,1.57,overcast clouds
274,Amalner,IN,21.05,75.0667,73.02,31,32,8.52,scattered clouds
275,Bilibino,RU,68.0546,166.4372,-42.23,100,70,1.39,broken clouds
276,Aklavik,CA,68.2191,-135.0107,-17.57,69,100,3.44,light snow
277,Itupiranga,BR,-5.1347,-49.3267,84.52,71,86,3.6,light rain
278,Mitsamiouli,KM,-11.3847,43.2844,84.49,79,100,7.4,light rain
279,Deputatskiy,RU,69.3,139.9,-25.11,95,86,6.29,overcast clouds
280,Devonport,AU,-41.1667,146.35,56.01,69,13,7.4,few clouds
281,Seoul,KR,37.5683,126.9778,28.0,81,0,1.14,mist
282,Sur,OM,22.5667,59.5289,71.02,51,0,4.09,clear sky
283,Boditi,ET,6.9667,37.8667,69.66,39,76,4.88,broken clouds
284,Saldanha,ZA,-33.0117,17.9442,77.05,73,6,12.8,clear sky
285,Grinnell,US,41.743,-92.7224,26.31,86,100,10.36,overcast clouds
286,Carnarvon,AU,-24.8667,113.6333,80.67,74,38,4.61,scattered clouds
287,Coruripe,BR,-10.1256,-36.1756,88.34,52,53,18.61,broken clouds
288,Kalemie,CD,-5.9475,29.1947,73.98,79,87,2.42,overcast clouds
289,San Juan,AR,-31.5375,-68.5364,91.99,22,2,7.43,clear sky
290,La Cruz,MX,23.9167,-106.9,67.48,45,2,3.78,clear sky
291,Berekua,DM,15.2333,-61.3167,83.34,47,20,6.91,few clouds
292,Dunedin,NZ,-45.8742,170.5036,59.13,95,98,4.79,overcast clouds
293,Karratha,AU,-20.7377,116.8463,84.7,73,7,9.62,clear sky
294,Isangel,VU,-19.55,169.2667,80.71,89,100,20.71,overcast clouds
295,Fort Smith,US,35.3859,-94.3986,54.25,50,0,0.0,clear sky
296,Kodinsk,RU,58.6881,99.1844,-6.03,99,100,3.27,overcast clouds
297,Pawai,IN,24.2667,80.1667,59.14,47,0,5.48,clear sky
298,Birao,CF,10.2849,22.7882,91.35,9,1,6.91,clear sky
299,Beringovskiy,RU,63.05,179.3167,-26.5,92,25,3.51,scattered clouds
300,Ous,RU,60.9058,61.5186,14.49,92,100,11.23,overcast clouds
301,Butaritari,KI,3.0707,172.7902,81.18,79,33,16.93,light rain
302,Bukama,CD,-9.2,25.85,71.49,93,98,2.42,moderate rain
303,Yumen,CN,40.2833,97.2,23.68,44,55,6.22,broken clouds
304,Sarangani,PH,5.4033,125.4636,82.08,79,77,17.78,broken clouds
305,Robertsport,LR,6.7533,-11.3686,83.1,73,5,13.71,clear sky
306,Homer,US,59.6425,-151.5483,26.49,68,100,10.36,overcast clouds
307,Beni Mazar,EG,28.4962,30.8029,58.26,44,93,12.46,overcast clouds
308,Anadyr,RU,64.75,177.4833,-16.1,76,0,13.42,clear sky
309,Maturin,VE,9.75,-63.1767,88.83,45,63,9.44,broken clouds
310,Talnakh,RU,69.4865,88.3972,-0.8,96,95,11.36,overcast clouds
311,Vila Velha,BR,-20.3297,-40.2925,78.94,82,40,14.97,scattered clouds
312,Guanhaes,BR,-18.775,-42.9325,75.29,87,90,3.74,overcast clouds
313,Pochutla,MX,15.7432,-96.4661,83.82,47,14,4.21,few clouds
314,Fare,PF,-16.7,-151.0167,80.67,75,58,12.12,light rain
315,Coquimbo,CL,-29.9533,-71.3436,64.13,94,100,8.05,light intensity drizzle
316,Balkanabat,TM,39.5108,54.3671,57.43,48,100,9.75,overcast clouds
317,General Teran,MX,25.2667,-99.6833,58.24,63,100,3.51,overcast clouds
318,Lorengau,PG,-2.0226,147.2712,80.42,82,67,7.74,broken clouds
319,Perth,AU,-31.9333,115.8333,75.2,70,0,8.05,light rain
320,Vilhena,BR,-12.7406,-60.1458,75.42,88,75,12.66,broken clouds
321,Capaci,IT,38.1711,13.2393,60.13,51,0,13.8,clear sky
322,Saint-Philippe,RE,-21.3585,55.7679,78.39,79,23,6.67,few clouds
323,Borovoy,RU,55.4333,86.0833,-1.12,60,0,8.95,clear sky
324,Rongcheng,CN,30.634,117.8517,42.75,89,100,3.15,light rain
325,Kapit,MY,2.0167,112.9333,74.03,99,99,1.14,moderate rain
326,Huambo,AO,-12.7761,15.7392,71.4,68,75,5.75,broken clouds
327,Kenai,US,60.5544,-151.2583,23.05,74,0,21.85,clear sky
328,Petropavlovsk-Kamchatskiy,RU,53.0452,158.6483,14.59,73,75,6.71,broken clouds
329,Raton,US,36.9034,-104.4391,38.64,71,0,5.75,clear sky
330,Bujaru,BR,-1.515,-48.0447,82.42,81,40,3.98,scattered clouds
331,Batagay-Alyta,RU,67.8006,130.4114,-26.05,89,85,4.85,overcast clouds
332,Sola,VU,-13.8833,167.55,79.47,83,100,0.0,overcast clouds
333,Kalmar,SE,56.6616,16.3616,38.14,96,20,3.44,few clouds
334,Bathsheba,BB,13.2167,-59.5167,83.01,54,40,23.02,scattered clouds
335,Puerto Escondido,MX,15.85,-97.0667,81.54,52,14,1.92,few clouds
336,Saint-Pierre,RE,-21.3393,55.4781,78.48,73,40,9.22,scattered clouds
337,Corning,US,42.1428,-77.0547,40.91,62,0,16.11,clear sky
338,Kaoma,ZM,-14.7833,24.8,71.56,89,100,3.15,moderate rain
339,Birin,NP,26.8865,88.0718,46.71,79,67,3.38,broken clouds
340,Ahipara,NZ,-35.1667,173.1667,72.54,96,90,9.62,overcast clouds
341,Victoria,HK,22.2855,114.1577,65.25,87,100,11.99,overcast clouds
342,Zeya,RU,53.75,127.2667,-5.71,93,34,3.89,scattered clouds
343,Cam Ranh,VN,11.9214,109.1591,76.96,83,40,11.5,scattered clouds
344,Vaitape,PF,-16.5167,-151.75,80.69,75,99,11.39,light rain
345,Dargaville,NZ,-35.9333,173.8833,71.58,93,97,6.91,overcast clouds
346,Irtyshskiy,RU,58.3333,68.1333,0.21,94,6,9.26,clear sky
347,Gravdal,NO,68.1214,13.5031,35.49,64,75,25.32,broken clouds
348,Stromness,GB,58.965,-3.296,39.45,60,100,29.89,overcast clouds
349,Verkhoyansk,RU,67.5447,133.385,-39.89,100,91,1.57,overcast clouds
350,Dalmeny,CA,52.3334,-106.7679,39.9,81,75,17.27,broken clouds
351,Leonidovo,RU,49.2833,142.8667,5.67,95,28,4.72,scattered clouds
352,Taltal,CL,-25.4,-70.4833,69.31,69,3,6.87,clear sky
353,Arman,RU,59.7,150.1667,-9.44,77,96,7.45,overcast clouds
354,Khuzdar,PK,27.7384,66.6434,56.44,18,0,6.87,clear sky
355,Mesyagutovo,RU,55.5303,58.2528,18.9,84,100,13.13,overcast clouds
356,Egvekinot,RU,66.3167,-179.1667,-27.51,90,15,4.7,few clouds
357,Comodoro Rivadavia,AR,-45.8667,-67.5,62.46,34,0,17.27,clear sky
358,Natal,BR,-5.795,-35.2094,90.25,62,20,14.97,few clouds
359,Suarez,CO,2.954,-76.6964,79.47,67,93,1.57,overcast clouds
360,Karlskoga,SE,59.3267,14.5239,39.38,73,9,11.18,clear sky
361,Maniitsoq,GL,65.4167,-52.9,11.86,93,100,7.45,light snow
362,Hun,LY,29.1268,15.9477,60.71,36,7,11.34,clear sky
363,Mizdah,LY,31.4451,12.9801,55.22,45,5,10.6,clear sky
364,Dublin,US,37.7021,-121.9358,60.53,66,0,8.05,clear sky
365,Lichinga,MZ,-13.3128,35.2406,63.36,95,99,2.73,moderate rain
366,Soe,ID,-9.8607,124.284,64.44,97,100,2.51,light rain
367,Katangli,RU,51.7102,143.2326,13.93,96,100,5.5,light snow
368,Villa Rica,US,33.7321,-84.9191,59.23,50,1,5.91,clear sky
369,Edwardsville,US,38.8114,-89.9532,40.75,73,0,12.66,clear sky
370,Asmara,ER,15.3333,38.9333,59.09,74,56,4.14,broken clouds
371,Ambilobe,MG,-13.2,49.05,75.18,94,99,5.95,moderate rain
372,Bud,US,39.447,-86.1758,35.74,79,6,12.53,clear sky
373,Davila,PH,18.4726,120.5763,75.18,83,9,17.67,clear sky
374,Coulommiers,FR,48.8145,3.085,51.69,83,100,1.01,overcast clouds
375,Lyngseidet,NO,69.5763,20.2189,28.47,77,100,10.96,overcast clouds
376,Rovaniemi,FI,66.5,25.7167,27.81,93,100,9.22,overcast clouds
377,Riyadh,SA,24.6877,46.7219,73.54,20,0,14.23,clear sky
378,Kiunga,PG,-6.1219,141.2906,73.78,100,100,1.05,moderate rain
379,Ystad,SE,55.4297,13.8204,41.74,83,100,13.98,overcast clouds
380,San Patricio,US,28.017,-97.5169,58.87,56,95,3.58,overcast clouds
381,Parabel,RU,58.6978,81.4825,-17.37,100,35,3.13,scattered clouds
382,Chernyakhovsk,RU,54.6335,21.8156,39.29,84,100,8.93,light rain
383,Wolmirstedt,DE,52.25,11.6333,46.09,81,100,8.05,overcast clouds
384,Sept-Iles,CA,50.2001,-66.3821,29.05,93,100,6.91,overcast clouds
385,Alyangula,AU,-13.8483,136.4192,76.87,100,55,0.0,broken clouds
386,Warri,NG,5.5167,5.75,100.33,22,51,3.0,broken clouds
387,Bandarbeyla,SO,9.4942,50.8122,74.35,61,20,21.45,few clouds
388,Valparaiso,CL,-33.0393,-71.6273,65.48,89,100,9.22,fog
389,Saint George,US,37.1041,-113.5841,49.35,47,0,4.61,clear sky
390,Half Moon Bay,US,37.4636,-122.4286,61.45,66,0,11.5,clear sky
391,Dicabisagan,PH,17.0818,122.4157,73.27,89,40,2.26,scattered clouds
392,Mattoon,US,39.4831,-88.3728,33.53,74,100,9.22,overcast clouds
393,Hakodate,JP,41.7758,140.7367,23.86,83,99,4.94,overcast clouds
394,Abulug,PH,18.4453,121.4533,74.8,85,13,11.36,few clouds
395,Nanortalik,GL,60.1432,-45.2371,26.35,55,71,5.95,broken clouds
396,Rundu,NA,-17.9333,19.7667,82.94,48,63,8.99,broken clouds
397,Kuito,AO,-12.3833,16.9333,66.34,94,75,4.61,broken clouds
398,Buin,CL,-33.7333,-70.75,75.06,38,59,8.99,broken clouds
399,Namatanai,PG,-3.6667,152.4333,79.39,83,91,4.16,light rain
400,Tarija,BO,-21.5355,-64.7296,69.71,64,20,0.0,few clouds
401,Shiyan,CN,32.6475,110.7781,41.16,72,74,1.72,broken clouds
402,Ruteng,ID,-8.6136,120.4721,63.32,97,100,1.59,moderate rain
403,Kalundborg,DK,55.6795,11.0886,42.94,81,98,18.66,overcast clouds
404,Payo,ID,-3.7508,103.6372,71.85,89,98,2.68,overcast clouds
405,Jiangyou,CN,31.7667,104.7167,41.27,72,82,2.84,broken clouds
406,Rio Gallegos,AR,-51.6226,-69.2181,53.65,40,75,36.82,broken clouds
407,Andenes,NO,69.3143,16.1194,33.78,93,75,32.21,broken clouds
408,Castlerea,IE,53.7667,-8.5,42.08,72,39,12.57,scattered clouds
409,Mahon,ES,39.8885,4.2658,57.76,67,75,5.75,broken clouds
410,Port Blair,IN,11.6667,92.75,80.64,78,40,4.61,mist
411,Kununurra,AU,-15.7667,128.7333,78.78,94,66,0.0,broken clouds
412,Uyuni,BO,-20.4597,-66.825,59.5,30,1,13.0,clear sky
413,Dingle,PH,10.9995,122.6711,76.37,79,100,10.04,overcast clouds
414,Nsanje,MW,-16.92,35.262,82.83,67,100,0.78,overcast clouds
415,Mananjary,MG,-21.2167,48.3333,77.2,86,68,5.41,broken clouds
416,Umm Lajj,SA,25.0213,37.2685,65.3,57,0,15.21,clear sky
417,Mackenzie,CA,55.2999,-123.1698,41.22,45,0,18.41,clear sky
418,Khorixas,NA,-20.3667,14.9667,78.35,64,90,16.98,moderate rain
419,Nanakuli,US,21.3906,-158.1547,73.35,75,75,6.91,broken clouds
420,Kodiak,US,57.79,-152.4072,17.11,73,0,3.44,clear sky
421,New Lenox,US,41.512,-87.9656,30.81,84,50,8.99,scattered clouds
422,Sukhumi,GE,43.0033,41.0153,41.76,79,50,1.05,scattered clouds
423,Kendal,GB,54.3268,-2.7476,44.19,84,40,21.5,scattered clouds
424,Leningradskiy,RU,69.3833,178.4167,-25.91,96,98,4.85,overcast clouds
425,Pontalina,BR,-17.525,-49.4472,75.2,87,96,7.27,overcast clouds
426,Dalian,CN,38.9122,121.6022,40.62,86,19,0.0,mist
427,Salisbury,GB,51.0693,-1.7957,47.82,58,40,16.11,scattered clouds
428,Hearst,CA,49.6835,-83.6665,-1.95,87,100,7.14,overcast clouds
429,Praia Da Vitoria,PT,38.7333,-27.0667,64.76,72,20,7.49,few clouds
430,Homestead,US,25.4687,-80.4776,74.01,70,0,9.22,clear sky
431,Middelfart,DK,55.5059,9.7305,43.18,79,99,15.82,overcast clouds
432,Los Llanos De Aridane,ES,28.6585,-17.9182,71.35,43,0,23.02,clear sky
433,Palencia,ES,42.4167,-4.5,60.8,43,42,9.35,scattered clouds
434,Alice Springs,AU,-23.7,133.8833,67.55,73,0,3.44,clear sky
435,Murmashi,RU,68.8154,32.8115,27.01,86,75,6.71,broken clouds
436,Abu Kamal,SY,34.4506,40.9171,54.95,53,61,4.09,broken clouds
437,Madimba,TZ,-10.4,40.3333,83.52,78,20,17.27,light rain
438,Harkany,HU,45.85,18.2367,55.26,40,0,8.05,clear sky
439,La Orilla,MX,17.9833,-102.2333,77.72,51,65,2.82,broken clouds
440,Mokhotlong,LS,-29.2894,29.0675,67.91,52,86,6.78,overcast clouds
441,Baruun-Urt,MN,46.6806,113.2792,-4.56,99,87,4.45,overcast clouds
442,Dasoguz,TM,41.8363,59.9666,46.35,71,41,11.5,scattered clouds
443,Neiafu,TO,-18.65,-173.9833,81.55,74,44,19.53,scattered clouds
444,Sao Jose Da Coroa Grande,BR,-8.8978,-35.1478,86.41,52,26,13.38,scattered clouds
445,Waingapu,ID,-9.6567,120.2641,75.96,88,100,7.47,overcast clouds
446,Mwingi,KE,-0.9344,38.0601,75.58,43,15,6.71,few clouds
447,Poitiers,FR,46.5833,0.3333,54.01,44,100,6.91,overcast clouds
448,Okhotsk,RU,59.3833,143.3,5.67,89,100,5.3,overcast clouds
449,Requena,ES,39.4883,-1.1004,54.79,37,0,4.45,clear sky
450,Grand-Lahou,CI,5.1367,-5.0242,84.85,69,3,11.39,clear sky
451,Yerbogachen,RU,61.2767,108.0108,-15.34,99,94,3.18,overcast clouds
452,Nantucket,US,41.2835,-70.0995,50.61,82,0,12.66,clear sky
453,Severo-Kurilsk,RU,50.6789,156.125,25.86,71,92,8.88,overcast clouds
454,Hasaki,JP,35.7333,140.8333,34.2,84,100,29.8,overcast clouds
455,Nichinan,JP,31.6,131.3667,43.75,79,35,4.83,scattered clouds
456,General Roca,AR,-39.0333,-67.5833,73.8,22,100,17.72,overcast clouds
457,Taiobeiras,BR,-15.8078,-42.2331,83.64,52,43,3.6,scattered clouds
458,Jish,IL,33.0222,35.4469,46.6,100,75,3.44,broken clouds
459,Hobyo,SO,5.3505,48.5268,76.84,66,91,20.51,overcast clouds
460,Khudumelapye,BW,-23.8833,24.75,90.09,25,63,5.5,broken clouds
461,Quatre Cocos,MU,-20.2078,57.7625,80.1,79,17,8.08,light rain
462,Parrita,CR,9.5201,-84.3225,88.99,53,7,6.08,clear sky
463,Luderitz,NA,-26.6481,15.1594,79.14,46,3,26.53,clear sky
464,Cabo San Lucas,MX,22.8909,-109.9124,67.14,50,0,4.63,clear sky
465,Taquari,BR,-29.7997,-51.8644,89.33,32,0,2.08,clear sky
466,Mercedes,AR,-34.6515,-59.4307,87.85,24,0,11.27,clear sky
467,Sal Rei,CV,16.1833,-22.9167,82.6,39,100,18.41,overcast clouds
468,Rawson,AR,-43.3002,-65.1023,68.68,30,94,16.2,overcast clouds
469,Del Rio,US,29.3627,-100.8968,57.24,59,0,6.91,clear sky
470,Nouadhibou,MR,20.931,-17.0347,84.18,28,70,10.36,dust
471,Laguna,US,38.421,-121.4238,61.25,90,0,0.0,mist
472,Macusani,PE,-14.0833,-70.4333,44.55,78,98,8.19,overcast clouds
473,Adeje,ES,28.1227,-16.726,77.32,25,0,5.01,clear sky
474,Broken Hill,AU,-31.95,141.4333,67.71,34,0,11.5,clear sky
475,Sao Sepe,BR,-30.1606,-53.5653,84.15,27,0,4.61,clear sky
476,Padang,ID,-0.9492,100.3543,77.76,80,100,4.03,overcast clouds
477,Tauramena,CO,5.0183,-72.7492,84.92,52,100,5.23,overcast clouds
478,Ormara,PK,25.2088,64.6357,71.31,60,0,9.44,clear sky
479,Havre-Saint-Pierre,CA,50.2334,-63.5986,30.79,93,100,8.05,overcast clouds
480,Hrinova,SK,48.5779,19.5257,48.92,90,37,1.88,scattered clouds
481,Dhadar,IN,28.3305,75.0632,63.81,31,0,3.98,clear sky
482,Pitiquito,MX,30.7,-112.0833,65.21,18,1,4.5,clear sky
483,Whitehorse,CA,60.7161,-135.0538,29.17,31,0,11.5,clear sky
484,Alofi,NU,-19.0595,-169.9187,75.09,100,75,3.44,broken clouds
485,Lebanon,US,36.2081,-86.2911,53.2,48,0,4.61,clear sky
486,Terrace,CA,54.5163,-128.6035,42.42,87,40,11.5,scattered clouds
487,Yangliuqing,CN,39.1375,116.9997,40.95,50,76,7.23,broken clouds
488,Izhma,RU,65.0083,53.9113,27.34,88,100,13.73,overcast clouds
489,Beidao,CN,34.5686,105.8933,31.21,86,100,0.89,overcast clouds
490,Bayanday,RU,53.0661,105.5139,-24.29,100,99,1.61,overcast clouds
491,Quang Ngai,VN,15.1167,108.8,72.14,93,38,2.53,scattered clouds
492,Stornoway,GB,58.2093,-6.3865,40.96,66,40,16.11,scattered clouds
493,Laurel,US,39.0993,-76.8483,56.28,48,0,11.01,clear sky
494,Brigantine,US,39.4101,-74.3646,55.04,59,0,10.36,clear sky
495,Yanam,IN,16.7333,82.2167,69.22,80,16,2.42,few clouds
496,Oyem,GA,1.5995,11.5793,88.93,30,50,0.98,scattered clouds
497,Granadilla De Abona,ES,28.1188,-16.576,73.2,25,0,3.44,clear sky
498,Nizhniy Odes,RU,63.6445,54.856,24.26,94,100,13.15,light snow
499,Hay River,CA,60.8156,-115.7999,-11.22,77,40,9.22,light snow
500,Okakarara,NA,-20.5833,17.4333,83.64,37,76,4.61,broken clouds
501,Mmabatho,ZA,-25.85,25.6333,78.01,44,72,4.92,broken clouds
502,Samarai,PG,-10.6167,150.6667,81.66,66,97,15.08,overcast clouds
503,Mandal,IN,25.45,74.5667,59.92,39,0,4.59,clear sky
504,Caravelas,BR,-17.7125,-39.2481,86.9,55,30,11.14,scattered clouds
505,Grenfell,AU,-33.9,148.1667,67.39,53,3,4.38,clear sky
506,Yatou,CN,37.15,122.3833,36.03,62,100,3.96,overcast clouds
507,Tambura,SS,5.6,27.4667,93.0,17,90,5.14,overcast clouds
508,Myskhako,RU,44.6714,37.7433,42.58,71,13,6.35,few clouds
509,Olinda,BR,-8.0089,-34.8553,87.53,58,40,11.5,scattered clouds
510,Detchino,RU,54.8092,36.3075,34.25,87,100,9.55,overcast clouds
511,Lakes Entrance,AU,-37.8811,147.981,62.17,79,100,7.94,overcast clouds
512,Lebork,PL,54.5392,17.7501,42.93,84,100,8.34,overcast clouds
513,Griffith,US,41.5284,-87.4237,31.03,69,100,8.05,overcast clouds
514,Kloulklubed,PW,7.0419,134.2556,81.64,79,99,12.73,overcast clouds
515,Alekseyevka,RU,50.6309,38.6903,34.27,96,100,12.44,overcast clouds
516,Ocampo,MX,21.65,-101.5,56.14,32,31,11.68,scattered clouds
517,Antofagasta,CL,-23.65,-70.4,72.68,52,1,7.38,clear sky
518,Choya,RU,52.0108,86.5467,-3.89,100,84,2.39,broken clouds
519,Talara,PE,-4.5772,-81.2719,79.56,65,75,14.97,broken clouds
520,Boralday,KZ,43.3578,76.8594,22.86,86,75,2.24,mist
521,Sterling,US,39.0062,-77.4286,55.8,48,20,13.8,few clouds
522,Navoi,UZ,40.0844,65.3792,45.88,61,2,6.91,clear sky
523,Honiara,SB,-9.4333,159.95,77.77,87,97,5.88,overcast clouds
524,Skeldon,GY,5.8833,-57.1333,84.63,62,51,7.7,broken clouds
525,Zheleznodorozhnyy,RU,55.7503,38.0042,34.21,90,85,8.57,overcast clouds
526,Chulym,RU,55.0997,80.9572,-8.93,99,6,6.93,clear sky
527,Menongue,AO,-14.6585,17.691,73.18,69,100,0.56,overcast clouds
528,Usinsk,RU,65.9939,57.5281,22.19,84,100,24.83,overcast clouds
529,Kandi,BJ,11.1342,2.9386,97.0,6,3,8.21,clear sky
530,Odweyne,SO,9.4092,45.064,68.49,40,42,12.44,scattered clouds
531,Petapa,GT,14.5028,-90.5517,65.61,67,0,11.5,clear sky
532,Fernandina Beach,US,30.6697,-81.4626,63.95,50,0,8.05,clear sky
533,Vyazniki,RU,56.25,42.1667,28.0,97,100,7.74,snow
534,Numan,NG,9.4667,12.0333,96.75,5,73,6.24,broken clouds
535,Sorland,NO,67.667,12.6934,33.66,63,100,29.46,overcast clouds
536,Monopoli,IT,40.9559,17.2896,62.37,65,0,3.65,clear sky
537,Nizhniy Tsasuchey,RU,50.5167,115.1333,-8.0,96,86,5.55,overcast clouds
538,Prince Rupert,CA,54.3161,-130.3201,42.49,81,100,13.8,overcast clouds
539,Clonakilty,IE,51.6231,-8.8706,49.08,64,13,16.13,few clouds
540,Mao,ES,39.8885,4.2658,57.76,67,75,5.75,broken clouds
541,Asau,RO,46.4333,26.4,47.32,89,15,5.86,few clouds
542,Helong,CN,42.5397,128.9972,17.46,88,13,4.65,few clouds
543,Teutonia,BR,-29.4481,-51.8064,90.37,60,0,3.0,clear sky
544,Kharp,RU,66.8014,65.8081,12.04,96,100,10.31,light snow
545,Baykit,RU,61.67,96.37,-15.97,98,15,3.24,few clouds
546,Viedma,AR,-40.8135,-62.9967,67.15,52,86,23.09,overcast clouds
547,Gambela,ET,8.25,34.5833,90.12,22,90,2.26,overcast clouds
548,Pimentel,PE,-6.8367,-79.9342,77.29,69,0,3.44,clear sky
549,Kurtalan,TR,37.9272,41.7028,43.02,91,100,2.59,light rain
550,Kamaishi,JP,39.2667,141.8833,32.99,85,100,8.01,overcast clouds
551,Cockburn Town,TC,21.4612,-71.1419,77.81,72,11,16.75,few clouds
552,Abaete,BR,-19.16,-45.4458,72.91,87,100,1.68,overcast clouds
553,Maposeni,TZ,-10.5833,35.4,76.15,92,98,1.48,moderate rain
554,Umarga,IN,17.8333,76.6167,79.02,31,55,11.83,broken clouds
555,Roald,NO,62.5833,6.1333,35.91,86,75,14.97,broken clouds
556,Pasni,PK,25.2631,63.471,71.28,51,0,7.72,clear sky
557,Kalavad,IN,22.2167,70.3833,73.96,28,4,10.27,clear sky
558,Chiredzi,ZW,-21.05,31.6667,91.44,29,37,7.27,scattered clouds
559,Flin Flon,CA,54.7682,-101.865,8.44,78,100,5.75,light snow
560,Puerto Penasco,MX,31.3167,-113.5333,58.91,51,0,14.97,clear sky
561,Sao Paulo De Olivenca,BR,-3.3783,-68.8725,83.88,66,100,1.72,overcast clouds
562,Pandan,PH,14.0453,124.1694,77.32,82,100,15.52,overcast clouds
563,Grand Forks,US,47.9417,-97.4337,22.93,93,100,20.71,snow
564,Talcahuano,CL,-36.7167,-73.1167,67.68,56,0,8.05,clear sky
565,Ilebo,CD,-4.3167,20.5833,77.11,79,99,4.29,light rain
566,Port Augusta,AU,-32.5,137.7667,66.34,59,0,12.88,clear sky
567,Mazara Del Vallo,IT,37.6641,12.588,62.55,58,0,3.85,clear sky
568,Kapuskasing,CA,49.4169,-82.4331,3.29,78,100,12.66,overcast clouds
569,Aguimes,ES,27.9054,-15.4461,74.66,39,0,15.01,clear sky
570,Oksfjord,NO,70.2396,22.3479,26.78,69,99,8.48,overcast clouds
571,Zhangye,CN,38.9342,100.4517,24.26,42,92,1.68,overcast clouds
572,Barcelos,PT,41.5388,-8.6151,64.85,62,100,3.62,overcast clouds
573,Poum,NC,-20.2333,164.0167,80.82,86,100,28.52,overcast clouds
574,Cacule,BR,-14.5033,-42.2222,88.86,43,2,4.68,clear sky
575,Boa Vista,BR,2.8197,-60.6733,89.58,48,40,13.8,scattered clouds
576,Puerto Leguizamo,CO,-0.1934,-74.7819,85.66,56,98,3.15,overcast clouds
577,Lincoln,US,40.8,-96.667,33.15,84,32,3.0,scattered clouds
578,Grand Gaube,MU,-20.0064,57.6608,80.38,71,34,1.99,scattered clouds
579,Nelson Bay,AU,-32.7167,152.15,74.1,82,76,1.01,light rain
580,Lasa,IT,46.6166,10.7002,49.08,84,25,2.82,scattered clouds
581,Esfarayen,IR,37.0765,57.5101,46.06,38,80,4.5,broken clouds
582,Ambon,ID,-3.6954,128.1814,78.94,94,40,5.75,scattered clouds
583,Tias,ES,28.9611,-13.645,71.35,60,0,4.61,clear sky
584,Lima,PE,-12.0432,-77.0282,77.9,73,75,6.91,broken clouds
585,Lavrentiya,RU,65.5833,-171.0,-29.83,95,48,4.36,scattered clouds
586,Souillac,MU,-20.5167,57.5167,80.37,83,40,5.75,light rain
587,Tabas,IR,33.5959,56.9244,58.41,24,2,1.45,clear sky
588,Meadow Lake,US,34.8014,-106.5436,47.5,53,34,2.04,scattered clouds
589,Wageningen,NL,51.9667,5.6667,47.1,74,100,10.36,overcast clouds
590,Moerai,PF,-22.4333,-151.3333,79.56,79,99,8.57,overcast clouds
591,Am Timan,TD,11.0297,20.2827,91.65,9,1,4.63,clear sky
592,Paciran,ID,-6.8767,112.3761,75.6,94,100,8.08,moderate rain
593,Carmen,MX,18.6333,-91.8333,69.71,77,71,8.59,broken clouds
594,Ekhabi,RU,53.5102,142.9671,19.35,96,100,5.21,light snow
595,Russell,US,32.3502,-85.1999,60.39,54,5,3.56,clear sky
596,Hastings,GB,50.8552,0.5729,46.2,55,100,12.44,overcast clouds
597,Tessalit,ML,20.1986,1.0114,82.29,5,0,8.7,clear sky
598,Boyuibe,BO,-20.4167,-63.2833,84.11,27,5,12.08,clear sky
599,Alta Gracia,AR,-31.6529,-64.4283,91.54,27,1,11.7,clear sky
600,Blagoevgrad,BG,42.0167,23.1,44.26,75,13,3.22,few clouds
601,Visby,SE,57.6409,18.296,37.76,81,0,14.97,clear sky
602,Bulgan,MN,48.8125,103.5347,-6.45,100,98,0.85,overcast clouds
603,Elizabeth City,US,36.2946,-76.2511,60.04,56,0,3.0,clear sky
604,Barra Do Bugres,BR,-15.0725,-57.1811,82.54,74,71,4.05,broken clouds
605,Coos Bay,US,43.3665,-124.2179,48.92,99,100,3.44,mist
606,Atar,MR,20.5169,-13.0499,89.65,3,58,13.8,broken clouds
607,Mumford,GH,5.2618,-0.759,82.63,74,4,14.43,clear sky
608,Port Hawkesbury,CA,45.6169,-61.3485,36.99,87,100,8.05,overcast clouds
609,Koulikoro,ML,14.0,-7.75,93.18,6,0,13.94,clear sky
610,Kalianget,ID,-7.05,113.9333,76.77,92,100,10.51,overcast clouds
611,Yagodnoye,RU,62.55,149.6667,-26.9,91,100,3.42,overcast clouds
612,Calvinia,ZA,-31.4707,19.776,80.69,32,0,16.51,clear sky
613,Zaraza,VE,9.3503,-65.3245,92.16,38,78,4.32,broken clouds
614,Faya,SA,18.3851,42.4509,63.12,65,7,6.06,clear sky
615,Tukrah,LY,32.5341,20.5791,55.83,66,2,11.68,clear sky
616,Beyneu,KZ,45.3167,55.2,35.4,80,94,13.47,overcast clouds
617,Whitefish,US,48.4111,-114.3376,44.2,82,100,11.5,overcast clouds
618,Saint-Louis,SN,16.3333,-15.0,96.44,5,65,17.81,broken clouds
619,Sao Felix Do Xingu,BR,-6.6447,-51.995,81.79,74,100,2.86,overcast clouds
620,Flinders,AU,-34.5833,150.8552,70.21,88,98,5.99,overcast clouds
621,Amazar,RU,53.858,120.875,-6.18,96,100,3.65,overcast clouds
622,Khatima,IN,28.9167,79.9667,53.11,77,0,3.33,clear sky
623,Buraydah,SA,26.326,43.975,79.25,31,31,10.04,scattered clouds
624,Puerto Cabezas,NI,14.0351,-83.3888,80.56,89,40,11.5,scattered clouds
625,Mugur-Aksy,RU,50.35,90.5,-19.61,97,96,5.37,overcast clouds
626,Aksu,CN,41.1231,80.2644,28.81,46,91,3.85,overcast clouds
627,Noumea,NC,-22.2763,166.4572,81.0,99,100,32.35,moderate rain
628,Porto Novo,BJ,6.4965,2.6036,86.83,61,0,13.0,clear sky
629,Karia,NG,11.7306,11.1629,87.8,6,5,14.0,clear sky
630,Launceston,AU,-41.45,147.1667,56.84,62,33,8.05,scattered clouds
631,Rock Sound,BS,24.9,-76.2,75.02,80,22,13.67,few clouds
632,Kirkuk,IQ,35.4681,44.3922,54.64,56,61,14.72,broken clouds
633,Altamont,US,42.2068,-121.7372,36.79,94,7,2.84,clear sky
634,Togul,RU,53.465,85.9128,-14.58,95,8,3.53,clear sky
635,Iskateley,RU,67.6803,53.1512,23.07,90,100,22.41,overcast clouds
636,Vila Franca Do Campo,PT,37.7167,-25.4333,63.01,65,75,7.67,broken clouds
637,Helena,US,46.5927,-112.0361,48.61,54,20,14.97,few clouds
638,Mudbidri,IN,13.0833,74.9833,78.42,73,7,5.75,clear sky
639,Verkhnyaya Inta,RU,65.9811,60.3094,13.53,76,100,12.77,overcast clouds
640,Igarka,RU,67.4667,86.5833,-17.0,96,14,9.73,few clouds
641,Sangar,RU,63.9242,127.4739,-38.65,100,66,2.62,broken clouds
642,Tevriz,RU,57.509,72.4042,-8.59,100,8,4.0,clear sky
643,Anloga,GH,5.7947,0.8973,89.82,74,4,15.7,clear sky
644,Mega,ET,4.05,38.3,75.11,21,59,8.93,broken clouds
645,Kupang,ID,-10.1667,123.5833,75.9,95,100,4.05,moderate rain
646,Muravlenko,RU,63.7898,74.523,-3.48,87,18,13.49,few clouds
647,Broome,US,42.2506,-75.833,41.77,70,100,14.97,overcast clouds
648,Santa Lucia,ES,27.9117,-15.5407,69.76,38,0,12.66,clear sky
649,Iwaki,JP,37.05,140.8833,35.76,89,100,15.68,light rain
650,Canton,CN,23.1167,113.25,51.75,78,100,2.73,overcast clouds
651,Aitape,PG,-3.1374,142.3475,78.3,88,100,2.71,overcast clouds
652,Ulladulla,AU,-35.35,150.4667,67.77,92,100,11.01,light rain
653,Abu Samrah,SY,35.3029,37.1841,45.37,82,100,10.29,overcast clouds
654,Kpalime,TG,6.9,0.6333,98.67,19,2,2.15,clear sky
655,Khromtau,KZ,50.2503,58.4347,12.92,94,100,14.97,overcast clouds
656,Hornepayne,CA,49.2138,-84.7705,2.37,87,100,6.02,overcast clouds
657,Pergamino,AR,-33.89,-60.5736,90.25,19,0,11.18,clear sky
658,Miles City,US,46.4083,-105.8406,52.52,55,100,19.8,overcast clouds
659,Rio Grande,BR,-32.035,-52.0986,80.94,58,6,12.53,clear sky
660,Sabla,NG,12.7525,4.7077,94.73,6,60,13.44,broken clouds
661,Ojinaga,MX,29.5667,-104.4167,45.55,31,0,0.0,clear sky
662,Rocky Mountain House,CA,52.3668,-114.9188,42.91,56,19,5.75,few clouds
663,Vostok,RU,46.4856,135.8833,2.1,99,83,3.8,broken clouds
664,San Carlos De Bariloche,AR,-41.1456,-71.3082,61.25,14,0,9.22,clear sky
665,Ankazoabo,MG,-22.2833,44.5167,81.9,60,100,7.47,overcast clouds
666,Dongning,CN,44.0622,131.1207,7.61,99,92,2.28,overcast clouds
667,Naze,JP,28.3667,129.4833,56.14,65,79,11.95,broken clouds
668,El Paso,US,31.8001,-106.2005,49.01,39,0,8.05,clear sky
669,Hervey Bay,AU,-25.2986,152.8535,68.11,70,0,12.88,clear sky
670,Shenavan,AM,40.0549,43.9288,36.91,98,100,1.74,overcast clouds
671,Olafsvik,IS,64.8945,-23.7142,35.08,57,97,28.66,light snow
672,Temir,KZ,49.1414,57.13,20.05,94,100,16.73,light snow
673,High Level,CA,58.5169,-117.136,1.51,85,100,10.36,light snow
674,Matara,LK,5.9485,80.5353,75.79,88,100,2.19,light rain
675,Arrifes,PT,37.7667,-25.7,61.05,67,75,14.97,broken clouds
676,Mascote,BR,-15.5631,-39.3025,87.31,53,55,5.95,broken clouds
677,Afzalgarh,IN,29.4,78.6833,53.46,72,0,6.76,clear sky
678,Thung Song,TH,8.1645,99.6804,74.39,92,99,3.06,overcast clouds
679,Moree,AU,-29.4667,149.85,71.62,46,1,6.91,clear sky
680,Proddatur,IN,14.7333,78.55,74.23,53,4,8.52,clear sky
681,Berlevag,NO,70.8578,29.0864,24.6,80,75,11.5,broken clouds
682,Karlstad,SE,59.3793,13.5036,39.76,65,0,9.22,clear sky
683,Kemin,KG,42.7846,75.6892,21.79,67,100,5.53,overcast clouds
684,Kaili,ID,-3.4626,120.2147,67.66,95,100,2.55,moderate rain
685,Truro,GB,50.2653,-5.0544,48.96,61,20,16.11,few clouds
686,Berbera,SO,10.4396,45.0143,76.6,62,85,9.75,overcast clouds
687,Chavakkad,IN,10.5333,76.05,81.77,79,1,6.53,clear sky
688,Khani,GE,41.9563,42.9566,33.37,99,100,2.59,light snow
689,Benguela,AO,-12.5763,13.4055,79.43,57,98,11.74,overcast clouds
690,Atagay,RU,55.1033,99.3875,-21.15,100,13,3.13,few clouds
691,Ponerihouen,NC,-21.0833,165.4,80.13,89,100,10.94,light rain
692,Esso,RU,55.9333,158.7,-1.95,92,61,4.79,broken clouds
693,Santa Fe,AR,-31.6333,-60.7,92.75,30,28,8.99,scattered clouds
694,Bambanglipuro,ID,-7.95,110.2833,78.67,83,100,6.06,overcast clouds
695,Ornskoldsvik,SE,63.2909,18.7153,32.95,86,15,20.71,few clouds
696,Axim,GH,4.8699,-2.2405,83.98,71,16,12.33,few clouds
697,Caceres,ES,39.522,-6.3748,62.8,49,100,3.13,overcast clouds
698,Biltine,TD,14.5333,20.9167,83.28,7,0,10.38,clear sky
699,Korla,CN,41.7597,86.1469,28.69,47,91,2.06,overcast clouds
700,Acajutla,SV,13.5928,-89.8275,83.8,42,1,0.92,clear sky
701,Dzhebariki-Khaya,RU,62.2167,135.8,-36.0,100,89,0.6,overcast clouds
702,Salamiyah,SY,35.0113,37.0532,45.79,75,100,11.59,overcast clouds
